,uid,uname,city
0,1,User 1,City 21
1,2,User 2,City 22
2,3,User 3,City 15
3,4,User 4,City 2
4,5,User 5,City 24
5,6,User 6,City 20
6,7,User 7,City 19
7,8,User 8,City 6
8,9,User 9,City 20
9,10,User 10,City 6
10,11,User 11,City 2
11,12,User 12,City 25
12,13,User 13,City 24
13,14,User 14,City 24
14,15,User 15,City 16
15,16,User 16,City 23
16,17,User 17,City 18
17,18,User 18,City 21
18,19,User 19,City 16
19,20,User 20,City 10
20,21,User 21,City 18
21,22,User 22,City 7
22,23,User 23,City 16
23,24,User 24,City 9
24,25,User 25,City 9
25,26,User 26,City 20
26,27,User 27,City 22
27,28,User 28,City 4
28,29,User 29,City 15
29,30,User 30,City 18
30,31,User 31,City 1
31,32,User 32,City 20
32,33,User 33,City 1
33,34,User 34,City 24
34,35,User 35,City 7
35,36,User 36,City 9
36,37,User 37,City 22
37,38,User 38,City 1
38,39,User 39,City 14
39,40,User 40,City 14
40,41,User 41,City 17
41,42,User 42,City 15
42,43,User 43,City 23
43,44,User 44,City 5
44,45,User 45,City 7
45,46,User 46,City 22
46,47,User 47,City 16
47,48,User 48,City 5
48,49,User 49,City 15
49,50,User 50,City 18
50,51,User 51,City 25
51,52,User 52,City 15
52,53,User 53,City 24
53,54,User 54,City 9
54,55,User 55,City 20
55,56,User 56,City 10
56,57,User 57,City 8
57,58,User 58,City 14
58,59,User 59,City 5
59,60,User 60,City 13
60,61,User 61,City 18
61,62,User 62,City 12
62,63,User 63,City 3
63,64,User 64,City 16
64,65,User 65,City 14
65,66,User 66,City 1
66,67,User 67,City 18
67,68,User 68,City 24
68,69,User 69,City 20
69,70,User 70,City 23
70,71,User 71,City 4
71,72,User 72,City 18
72,73,User 73,City 16
73,74,User 74,City 24
74,75,User 75,City 17
75,76,User 76,City 10
76,77,User 77,City 3
77,78,User 78,City 18
78,79,User 79,City 23
79,80,User 80,City 11
80,81,User 81,City 20
81,82,User 82,City 18
82,83,User 83,City 20
83,84,User 84,City 8
84,85,User 85,City 14
85,86,User 86,City 11
86,87,User 87,City 18
87,88,User 88,City 7
88,89,User 89,City 13
89,90,User 90,City 13
90,91,User 91,City 13
91,92,User 92,City 23
92,93,User 93,City 11
93,94,User 94,City 9
94,95,User 95,City 22
95,96,User 96,City 18
96,97,User 97,City 7
97,98,User 98,City 14
98,99,User 99,City 20
99,100,User 100,City 16
100,101,User 101,City 3
101,102,User 102,City 21
102,103,User 103,City 18
103,104,User 104,City 22
104,105,User 105,City 17
105,106,User 106,City 24
106,107,User 107,City 17
107,108,User 108,City 12
108,109,User 109,City 12
109,110,User 110,City 10
110,111,User 111,City 13
111,112,User 112,City 7
112,113,User 113,City 21
113,114,User 114,City 23
114,115,User 115,City 21
115,116,User 116,City 15
116,117,User 117,City 7
117,118,User 118,City 11
118,119,User 119,City 22
119,120,User 120,City 13
120,121,User 121,City 3
121,122,User 122,City 9
122,123,User 123,City 9
123,124,User 124,City 9
124,125,User 125,City 1
125,126,User 126,City 2
126,127,User 127,City 7
127,128,User 128,City 11
128,129,User 129,City 7
129,130,User 130,City 21
130,131,User 131,City 24
131,132,User 132,City 9
132,133,User 133,City 13
133,134,User 134,City 13
134,135,User 135,City 7
135,136,User 136,City 9
136,137,User 137,City 13
137,138,User 138,City 19
138,139,User 139,City 12
139,140,User 140,City 12
140,141,User 141,City 23
141,142,User 142,City 9
142,143,User 143,City 8
143,144,User 144,City 14
144,145,User 145,City 2
145,146,User 146,City 24
146,147,User 147,City 7
147,148,User 148,City 22
148,149,User 149,City 6
149,150,User 150,City 5
150,151,User 151,City 16
151,152,User 152,City 2
152,153,User 153,City 17
153,154,User 154,City 25
154,155,User 155,City 21
155,156,User 156,City 19
156,157,User 157,City 12
157,158,User 158,City 9
158,159,User 159,City 21
159,160,User 160,City 10
160,161,User 161,City 5
161,162,User 162,City 3
162,163,User 163,City 12
163,164,User 164,City 1
164,165,User 165,City 6
165,166,User 166,City 13
166,167,User 167,City 7
167,168,User 168,City 23
168,169,User 169,City 15
169,170,User 170,City 9
170,171,User 171,City 1
171,172,User 172,City 6
172,173,User 173,City 18
173,174,User 174,City 13
174,175,User 175,City 7
175,176,User 176,City 25
176,177,User 177,City 1
177,178,User 178,City 2
178,179,User 179,City 25
179,180,User 180,City 1
180,181,User 181,City 6
181,182,User 182,City 18
182,183,User 183,City 24
183,184,User 184,City 3
184,185,User 185,City 9
185,186,User 186,City 7
186,187,User 187,City 19
187,188,User 188,City 4
188,189,User 189,City 2
189,190,User 190,City 1
190,191,User 191,City 4
191,192,User 192,City 22
192,193,User 193,City 21
193,194,User 194,City 19
194,195,User 195,City 14
195,196,User 196,City 20
196,197,User 197,City 20
197,198,User 198,City 21
198,199,User 199,City 10
199,200,User 200,City 21
200,201,User 201,City 6
201,202,User 202,City 19
202,203,User 203,City 21
203,204,User 204,City 6
204,205,User 205,City 7
205,206,User 206,City 9
206,207,User 207,City 16
207,208,User 208,City 20
208,209,User 209,City 16
209,210,User 210,City 3
210,211,User 211,City 4
211,212,User 212,City 6
212,213,User 213,City 13
213,214,User 214,City 21
214,215,User 215,City 14
215,216,User 216,City 13
216,217,User 217,City 22
217,218,User 218,City 25
218,219,User 219,City 22
219,220,User 220,City 23
220,221,User 221,City 3
221,222,User 222,City 17
222,223,User 223,City 14
223,224,User 224,City 11
224,225,User 225,City 8
225,226,User 226,City 8
226,227,User 227,City 6
227,228,User 228,City 15
228,229,User 229,City 16
229,230,User 230,City 11
230,231,User 231,City 9
231,232,User 232,City 25
232,233,User 233,City 18
233,234,User 234,City 1
234,235,User 235,City 10
235,236,User 236,City 16
236,237,User 237,City 21
237,238,User 238,City 8
238,239,User 239,City 25
239,240,User 240,City 12
240,241,User 241,City 12
241,242,User 242,City 2
242,243,User 243,City 18
243,244,User 244,City 20
244,245,User 245,City 15
245,246,User 246,City 25
246,247,User 247,City 6
247,248,User 248,City 13
248,249,User 249,City 4
249,250,User 250,City 21
250,251,User 251,City 1
251,252,User 252,City 25
252,253,User 253,City 19
253,254,User 254,City 17
254,255,User 255,City 8
255,256,User 256,City 11
256,257,User 257,City 2
257,258,User 258,City 23
258,259,User 259,City 12
259,260,User 260,City 23
260,261,User 261,City 6
261,262,User 262,City 3
262,263,User 263,City 6
263,264,User 264,City 25
264,265,User 265,City 15
265,266,User 266,City 5
266,267,User 267,City 8
267,268,User 268,City 14
268,269,User 269,City 13
269,270,User 270,City 25
270,271,User 271,City 4
271,272,User 272,City 25
272,273,User 273,City 7
273,274,User 274,City 24
274,275,User 275,City 6
275,276,User 276,City 8
276,277,User 277,City 16
277,278,User 278,City 1
278,279,User 279,City 5
279,280,User 280,City 11
280,281,User 281,City 4
281,282,User 282,City 9
282,283,User 283,City 3
283,284,User 284,City 5
284,285,User 285,City 20
285,286,User 286,City 7
286,287,User 287,City 13
287,288,User 288,City 3
288,289,User 289,City 8
289,290,User 290,City 8
290,291,User 291,City 5
291,292,User 292,City 19
292,293,User 293,City 15
293,294,User 294,City 16
294,295,User 295,City 7
295,296,User 296,City 14
296,297,User 297,City 14
297,298,User 298,City 16
298,299,User 299,City 20
299,300,User 300,City 23
300,301,User 301,City 4
301,302,User 302,City 15
302,303,User 303,City 24
303,304,User 304,City 11
304,305,User 305,City 15
305,306,User 306,City 7
306,307,User 307,City 6
307,308,User 308,City 12
308,309,User 309,City 5
309,310,User 310,City 18
310,311,User 311,City 9
311,312,User 312,City 20
312,313,User 313,City 20
313,314,User 314,City 25
314,315,User 315,City 2
315,316,User 316,City 2
316,317,User 317,City 24
317,318,User 318,City 9
318,319,User 319,City 25
319,320,User 320,City 24
320,321,User 321,City 1
321,322,User 322,City 1
322,323,User 323,City 11
323,324,User 324,City 3
324,325,User 325,City 5
325,326,User 326,City 10
326,327,User 327,City 22
327,328,User 328,City 12
328,329,User 329,City 16
329,330,User 330,City 16
330,331,User 331,City 16
331,332,User 332,City 21
332,333,User 333,City 3
333,334,User 334,City 23
334,335,User 335,City 7
335,336,User 336,City 25
336,337,User 337,City 12
337,338,User 338,City 6
338,339,User 339,City 9
339,340,User 340,City 6
340,341,User 341,City 12
341,342,User 342,City 11
342,343,User 343,City 17
343,344,User 344,City 5
344,345,User 345,City 17
345,346,User 346,City 23
346,347,User 347,City 15
347,348,User 348,City 5
348,349,User 349,City 19
349,350,User 350,City 10
350,351,User 351,City 6
351,352,User 352,City 10
352,353,User 353,City 20
353,354,User 354,City 24
354,355,User 355,City 18
355,356,User 356,City 11
356,357,User 357,City 4
357,358,User 358,City 10
358,359,User 359,City 13
359,360,User 360,City 9
360,361,User 361,City 5
361,362,User 362,City 14
362,363,User 363,City 24
363,364,User 364,City 24
364,365,User 365,City 16
365,366,User 366,City 16
366,367,User 367,City 9
367,368,User 368,City 15
368,369,User 369,City 22
369,370,User 370,City 3
370,371,User 371,City 24
371,372,User 372,City 8
372,373,User 373,City 1
373,374,User 374,City 13
374,375,User 375,City 9
375,376,User 376,City 10
376,377,User 377,City 8
377,378,User 378,City 4
378,379,User 379,City 21
379,380,User 380,City 5
380,381,User 381,City 17
381,382,User 382,City 22
382,383,User 383,City 10
383,384,User 384,City 13
384,385,User 385,City 18
385,386,User 386,City 14
386,387,User 387,City 15
387,388,User 388,City 1
388,389,User 389,City 20
389,390,User 390,City 3
390,391,User 391,City 3
391,392,User 392,City 11
392,393,User 393,City 20
393,394,User 394,City 24
394,395,User 395,City 12
395,396,User 396,City 22
396,397,User 397,City 8
397,398,User 398,City 25
398,399,User 399,City 11
399,400,User 400,City 20
400,401,User 401,City 11
401,402,User 402,City 14
402,403,User 403,City 13
403,404,User 404,City 22
404,405,User 405,City 12
405,406,User 406,City 4
406,407,User 407,City 2
407,408,User 408,City 15
408,409,User 409,City 13
409,410,User 410,City 24
410,411,User 411,City 6
411,412,User 412,City 10
412,413,User 413,City 16
413,414,User 414,City 17
414,415,User 415,City 16
415,416,User 416,City 2
416,417,User 417,City 11
417,418,User 418,City 14
418,419,User 419,City 23
419,420,User 420,City 21
420,421,User 421,City 3
421,422,User 422,City 9
422,423,User 423,City 19
423,424,User 424,City 21
424,425,User 425,City 22
425,426,User 426,City 11
426,427,User 427,City 22
427,428,User 428,City 20
428,429,User 429,City 8
429,430,User 430,City 5
430,431,User 431,City 17
431,432,User 432,City 1
432,433,User 433,City 15
433,434,User 434,City 20
434,435,User 435,City 16
435,436,User 436,City 8
436,437,User 437,City 4
437,438,User 438,City 16
438,439,User 439,City 6
439,440,User 440,City 18
440,441,User 441,City 20
441,442,User 442,City 3
442,443,User 443,City 22
443,444,User 444,City 13
444,445,User 445,City 6
445,446,User 446,City 7
446,447,User 447,City 2
447,448,User 448,City 22
448,449,User 449,City 10
449,450,User 450,City 15
450,451,User 451,City 6
451,452,User 452,City 5
452,453,User 453,City 17
453,454,User 454,City 8
454,455,User 455,City 10
455,456,User 456,City 23
456,457,User 457,City 6
457,458,User 458,City 15
458,459,User 459,City 21
459,460,User 460,City 13
460,461,User 461,City 17
461,462,User 462,City 2
462,463,User 463,City 4
463,464,User 464,City 2
464,465,User 465,City 14
465,466,User 466,City 2
466,467,User 467,City 16
467,468,User 468,City 19
468,469,User 469,City 1
469,470,User 470,City 23
470,471,User 471,City 13
471,472,User 472,City 5
472,473,User 473,City 23
473,474,User 474,City 16
474,475,User 475,City 1
475,476,User 476,City 3
476,477,User 477,City 7
477,478,User 478,City 14
478,479,User 479,City 2
479,480,User 480,City 14
480,481,User 481,City 10
481,482,User 482,City 13
482,483,User 483,City 22
483,484,User 484,City 2
484,485,User 485,City 21
485,486,User 486,City 3
486,487,User 487,City 9
487,488,User 488,City 12
488,489,User 489,City 7
489,490,User 490,City 6
490,491,User 491,City 23
491,492,User 492,City 18
492,493,User 493,City 12
493,494,User 494,City 9
494,495,User 495,City 17
495,496,User 496,City 6
496,497,User 497,City 18
497,498,User 498,City 18
498,499,User 499,City 24
499,500,User 500,City 1
500,501,User 501,City 19
501,502,User 502,City 23
502,503,User 503,City 4
503,504,User 504,City 13
504,505,User 505,City 17
505,506,User 506,City 12
506,507,User 507,City 18
507,508,User 508,City 11
508,509,User 509,City 6
509,510,User 510,City 19
510,511,User 511,City 19
511,512,User 512,City 9
512,513,User 513,City 7
513,514,User 514,City 21
514,515,User 515,City 18
515,516,User 516,City 8
516,517,User 517,City 17
517,518,User 518,City 9
518,519,User 519,City 11
519,520,User 520,City 7
520,521,User 521,City 12
521,522,User 522,City 8
522,523,User 523,City 16
523,524,User 524,City 23
524,525,User 525,City 20
525,526,User 526,City 1
526,527,User 527,City 7
527,528,User 528,City 13
528,529,User 529,City 10
529,530,User 530,City 20
530,531,User 531,City 21
531,532,User 532,City 14
532,533,User 533,City 11
533,534,User 534,City 15
534,535,User 535,City 25
535,536,User 536,City 25
536,537,User 537,City 22
537,538,User 538,City 16
538,539,User 539,City 16
539,540,User 540,City 3
540,541,User 541,City 24
541,542,User 542,City 17
542,543,User 543,City 12
543,544,User 544,City 16
544,545,User 545,City 11
545,546,User 546,City 6
546,547,User 547,City 15
547,548,User 548,City 20
548,549,User 549,City 8
549,550,User 550,City 20
550,551,User 551,City 19
551,552,User 552,City 24
552,553,User 553,City 11
553,554,User 554,City 11
554,555,User 555,City 3
555,556,User 556,City 21
556,557,User 557,City 13
557,558,User 558,City 25
558,559,User 559,City 8
559,560,User 560,City 8
560,561,User 561,City 5
561,562,User 562,City 17
562,563,User 563,City 10
563,564,User 564,City 16
564,565,User 565,City 2
565,566,User 566,City 19
566,567,User 567,City 10
567,568,User 568,City 25
568,569,User 569,City 3
569,570,User 570,City 13
570,571,User 571,City 7
571,572,User 572,City 6
572,573,User 573,City 3
573,574,User 574,City 22
574,575,User 575,City 4
575,576,User 576,City 3
576,577,User 577,City 4
577,578,User 578,City 19
578,579,User 579,City 11
579,580,User 580,City 4
580,581,User 581,City 20
581,582,User 582,City 24
582,583,User 583,City 16
583,584,User 584,City 14
584,585,User 585,City 9
585,586,User 586,City 6
586,587,User 587,City 9
587,588,User 588,City 19
588,589,User 589,City 12
589,590,User 590,City 18
590,591,User 591,City 1
591,592,User 592,City 15
592,593,User 593,City 13
593,594,User 594,City 15
594,595,User 595,City 21
595,596,User 596,City 17
596,597,User 597,City 2
597,598,User 598,City 6
598,599,User 599,City 12
599,600,User 600,City 1
600,601,User 601,City 16
601,602,User 602,City 10
602,603,User 603,City 22
603,604,User 604,City 4
604,605,User 605,City 13
605,606,User 606,City 14
606,607,User 607,City 4
607,608,User 608,City 6
608,609,User 609,City 13
609,610,User 610,City 7
610,611,User 611,City 25
611,612,User 612,City 3
612,613,User 613,City 14
613,614,User 614,City 22
614,615,User 615,City 10
615,616,User 616,City 17
616,617,User 617,City 2
617,618,User 618,City 24
618,619,User 619,City 21
619,620,User 620,City 23
620,621,User 621,City 25
621,622,User 622,City 10
622,623,User 623,City 6
623,624,User 624,City 12
624,625,User 625,City 18
625,626,User 626,City 8
626,627,User 627,City 7
627,628,User 628,City 21
628,629,User 629,City 7
629,630,User 630,City 4
630,631,User 631,City 1
631,632,User 632,City 13
632,633,User 633,City 13
633,634,User 634,City 15
634,635,User 635,City 11
635,636,User 636,City 8
636,637,User 637,City 18
637,638,User 638,City 12
638,639,User 639,City 9
639,640,User 640,City 10
640,641,User 641,City 25
641,642,User 642,City 9
642,643,User 643,City 2
643,644,User 644,City 14
644,645,User 645,City 18
645,646,User 646,City 13
646,647,User 647,City 1
647,648,User 648,City 5
648,649,User 649,City 3
649,650,User 650,City 7
650,651,User 651,City 23
651,652,User 652,City 24
652,653,User 653,City 25
653,654,User 654,City 14
654,655,User 655,City 21
655,656,User 656,City 19
656,657,User 657,City 13
657,658,User 658,City 18
658,659,User 659,City 22
659,660,User 660,City 17
660,661,User 661,City 2
661,662,User 662,City 13
662,663,User 663,City 9
663,664,User 664,City 7
664,665,User 665,City 24
665,666,User 666,City 18
666,667,User 667,City 25
667,668,User 668,City 14
668,669,User 669,City 19
669,670,User 670,City 18
670,671,User 671,City 21
671,672,User 672,City 23
672,673,User 673,City 7
673,674,User 674,City 16
674,675,User 675,City 10
675,676,User 676,City 16
676,677,User 677,City 4
677,678,User 678,City 3
678,679,User 679,City 3
679,680,User 680,City 10
680,681,User 681,City 5
681,682,User 682,City 13
682,683,User 683,City 25
683,684,User 684,City 9
684,685,User 685,City 17
685,686,User 686,City 7
686,687,User 687,City 22
687,688,User 688,City 19
688,689,User 689,City 3
689,690,User 690,City 20
690,691,User 691,City 13
691,692,User 692,City 15
692,693,User 693,City 24
693,694,User 694,City 21
694,695,User 695,City 13
695,696,User 696,City 23
696,697,User 697,City 2
697,698,User 698,City 14
698,699,User 699,City 7
699,700,User 700,City 9
700,701,User 701,City 14
701,702,User 702,City 16
702,703,User 703,City 11
703,704,User 704,City 19
704,705,User 705,City 2
705,706,User 706,City 8
706,707,User 707,City 23
707,708,User 708,City 6
708,709,User 709,City 20
709,710,User 710,City 4
710,711,User 711,City 25
711,712,User 712,City 16
712,713,User 713,City 9
713,714,User 714,City 2
714,715,User 715,City 15
715,716,User 716,City 20
716,717,User 717,City 16
717,718,User 718,City 6
718,719,User 719,City 5
719,720,User 720,City 22
720,721,User 721,City 14
721,722,User 722,City 21
722,723,User 723,City 21
723,724,User 724,City 1
724,725,User 725,City 13
725,726,User 726,City 13
726,727,User 727,City 3
727,728,User 728,City 21
728,729,User 729,City 2
729,730,User 730,City 2
730,731,User 731,City 6
731,732,User 732,City 25
732,733,User 733,City 20
733,734,User 734,City 7
734,735,User 735,City 12
735,736,User 736,City 14
736,737,User 737,City 22
737,738,User 738,City 4
738,739,User 739,City 16
739,740,User 740,City 2
740,741,User 741,City 3
741,742,User 742,City 12
742,743,User 743,City 3
743,744,User 744,City 11
744,745,User 745,City 25
745,746,User 746,City 25
746,747,User 747,City 20
747,748,User 748,City 4
748,749,User 749,City 8
749,750,User 750,City 10
750,751,User 751,City 15
751,752,User 752,City 3
752,753,User 753,City 25
753,754,User 754,City 8
754,755,User 755,City 10
755,756,User 756,City 10
756,757,User 757,City 25
757,758,User 758,City 19
758,759,User 759,City 25
759,760,User 760,City 3
760,761,User 761,City 14
761,762,User 762,City 17
762,763,User 763,City 16
763,764,User 764,City 18
764,765,User 765,City 3
765,766,User 766,City 6
766,767,User 767,City 14
767,768,User 768,City 17
768,769,User 769,City 18
769,770,User 770,City 4
770,771,User 771,City 25
771,772,User 772,City 13
772,773,User 773,City 5
773,774,User 774,City 7
774,775,User 775,City 9
775,776,User 776,City 7
776,777,User 777,City 1
777,778,User 778,City 15
778,779,User 779,City 3
779,780,User 780,City 17
780,781,User 781,City 8
781,782,User 782,City 20
782,783,User 783,City 21
783,784,User 784,City 17
784,785,User 785,City 1
785,786,User 786,City 16
786,787,User 787,City 17
787,788,User 788,City 16
788,789,User 789,City 1
789,790,User 790,City 4
790,791,User 791,City 24
791,792,User 792,City 17
792,793,User 793,City 25
793,794,User 794,City 15
794,795,User 795,City 12
795,796,User 796,City 12
796,797,User 797,City 25
797,798,User 798,City 11
798,799,User 799,City 17
799,800,User 800,City 20
800,801,User 801,City 21
801,802,User 802,City 9
802,803,User 803,City 15
803,804,User 804,City 16
804,805,User 805,City 21
805,806,User 806,City 17
806,807,User 807,City 5
807,808,User 808,City 22
808,809,User 809,City 21
809,810,User 810,City 17
810,811,User 811,City 22
811,812,User 812,City 16
812,813,User 813,City 17
813,814,User 814,City 21
814,815,User 815,City 4
815,816,User 816,City 7
816,817,User 817,City 5
817,818,User 818,City 21
818,819,User 819,City 22
819,820,User 820,City 19
820,821,User 821,City 20
821,822,User 822,City 13
822,823,User 823,City 16
823,824,User 824,City 23
824,825,User 825,City 19
825,826,User 826,City 1
826,827,User 827,City 24
827,828,User 828,City 1
828,829,User 829,City 23
829,830,User 830,City 21
830,831,User 831,City 18
831,832,User 832,City 10
832,833,User 833,City 2
833,834,User 834,City 17
834,835,User 835,City 5
835,836,User 836,City 21
836,837,User 837,City 15
837,838,User 838,City 16
838,839,User 839,City 15
839,840,User 840,City 11
840,841,User 841,City 24
841,842,User 842,City 3
842,843,User 843,City 4
843,844,User 844,City 18
844,845,User 845,City 15
845,846,User 846,City 6
846,847,User 847,City 16
847,848,User 848,City 25
848,849,User 849,City 17
849,850,User 850,City 17
850,851,User 851,City 19
851,852,User 852,City 1
852,853,User 853,City 19
853,854,User 854,City 4
854,855,User 855,City 21
855,856,User 856,City 21
856,857,User 857,City 16
857,858,User 858,City 22
858,859,User 859,City 18
859,860,User 860,City 20
860,861,User 861,City 16
861,862,User 862,City 19
862,863,User 863,City 1
863,864,User 864,City 25
864,865,User 865,City 2
865,866,User 866,City 22
866,867,User 867,City 2
867,868,User 868,City 11
868,869,User 869,City 3
869,870,User 870,City 10
870,871,User 871,City 1
871,872,User 872,City 25
872,873,User 873,City 16
873,874,User 874,City 4
874,875,User 875,City 14
875,876,User 876,City 25
876,877,User 877,City 21
877,878,User 878,City 18
878,879,User 879,City 2
879,880,User 880,City 16
880,881,User 881,City 16
881,882,User 882,City 14
882,883,User 883,City 24
883,884,User 884,City 20
884,885,User 885,City 5
885,886,User 886,City 11
886,887,User 887,City 6
887,888,User 888,City 23
888,889,User 889,City 3
889,890,User 890,City 4
890,891,User 891,City 15
891,892,User 892,City 21
892,893,User 893,City 17
893,894,User 894,City 2
894,895,User 895,City 13
895,896,User 896,City 5
896,897,User 897,City 12
897,898,User 898,City 12
898,899,User 899,City 6
899,900,User 900,City 17
900,901,User 901,City 13
901,902,User 902,City 14
902,903,User 903,City 10
903,904,User 904,City 2
904,905,User 905,City 11
905,906,User 906,City 10
906,907,User 907,City 2
907,908,User 908,City 12
908,909,User 909,City 21
909,910,User 910,City 3
910,911,User 911,City 19
911,912,User 912,City 21
912,913,User 913,City 19
913,914,User 914,City 3
914,915,User 915,City 2
915,916,User 916,City 2
916,917,User 917,City 23
917,918,User 918,City 19
918,919,User 919,City 3
919,920,User 920,City 2
920,921,User 921,City 18
921,922,User 922,City 14
922,923,User 923,City 21
923,924,User 924,City 12
924,925,User 925,City 4
925,926,User 926,City 2
926,927,User 927,City 9
927,928,User 928,City 3
928,929,User 929,City 15
929,930,User 930,City 5
930,931,User 931,City 10
931,932,User 932,City 20
932,933,User 933,City 17
933,934,User 934,City 1
934,935,User 935,City 18
935,936,User 936,City 24
936,937,User 937,City 1
937,938,User 938,City 2
938,939,User 939,City 5
939,940,User 940,City 17
940,941,User 941,City 24
941,942,User 942,City 17
942,943,User 943,City 2
943,944,User 944,City 20
944,945,User 945,City 13
945,946,User 946,City 14
946,947,User 947,City 15
947,948,User 948,City 9
948,949,User 949,City 22
949,950,User 950,City 6
950,951,User 951,City 19
951,952,User 952,City 12
952,953,User 953,City 23
953,954,User 954,City 6
954,955,User 955,City 20
955,956,User 956,City 8
956,957,User 957,City 23
957,958,User 958,City 18
958,959,User 959,City 24
959,960,User 960,City 10
960,961,User 961,City 11
961,962,User 962,City 12
962,963,User 963,City 18
963,964,User 964,City 24
964,965,User 965,City 22
965,966,User 966,City 13
966,967,User 967,City 6
967,968,User 968,City 24
968,969,User 969,City 1
969,970,User 970,City 5
970,971,User 971,City 9
971,972,User 972,City 5
972,973,User 973,City 11
973,974,User 974,City 17
974,975,User 975,City 12
975,976,User 976,City 1
976,977,User 977,City 2
977,978,User 978,City 23
978,979,User 979,City 24
979,980,User 980,City 10
980,981,User 981,City 13
981,982,User 982,City 9
982,983,User 983,City 15
983,984,User 984,City 25
984,985,User 985,City 1
985,986,User 986,City 10
986,987,User 987,City 6
987,988,User 988,City 22
988,989,User 989,City 17
989,990,User 990,City 6
990,991,User 991,City 25
991,992,User 992,City 1
992,993,User 993,City 14
993,994,User 994,City 5
994,995,User 995,City 24
995,996,User 996,City 24
996,997,User 997,City 4
997,998,User 998,City 14
998,999,User 999,City 13
999,1000,User 1000,City 10
